{
  "episode": 50,
  "episode_rewards": [
    40.63999999999999,
    -5.0,
    46.65999999999998,
    38.699999999999996,
    -5.0,
    39.85999999999976,
    -5.0,
    37.62,
    -5.0,
    38.72,
    -5.0,
    36.540000000000006,
    38.68,
    38.690000000000005,
    -5.0,
    38.6,
    -5.0,
    38.559999999999995,
    -5.0,
    38.56,
    -5.0,
    38.629999999999995,
    -5.0,
    38.61,
    -5.0,
    39.550000000000004,
    39.71,
    37.67000000000001,
    38.62,
    38.64,
    38.660000000000004,
    -5.0,
    38.540000000000006,
    37.669999999999995,
    -5.0,
    38.580000000000005,
    -5.0,
    57.77999999999995,
    -5.0,
    38.589999999999996,
    -5.0,
    38.6,
    38.77,
    -5.0,
    37.61000000000001,
    38.7,
    44.81999999999998,
    -5.0,
    38.60000000000001,
    -5.0
  ],
  "episode_scores": [
    47,
    47,
    52,
    43,
    43,
    44,
    44,
    42,
    42,
    44,
    44,
    42,
    43,
    44,
    44,
    44,
    44,
    43,
    43,
    43,
    43,
    43,
    43,
    43,
    43,
    44,
    44,
    43,
    43,
    44,
    43,
    43,
    43,
    42,
    42,
    43,
    43,
    62,
    62,
    43,
    43,
    44,
    43,
    43,
    43,
    43,
    49,
    49,
    43,
    43
  ],
  "episode_losses": [
    1.1405009329319,
    1.2694257497787476,
    1.467907706303383,
    0.9598541964947338,
    1.8659769296646118,
    0.925163394945828,
    1.378009557723999,
    0.8152134236362245,
    0.9323018193244934,
    0.922091060305295,
    0.2808974087238312,
    0.8655260855501349,
    0.7632300281438275,
    0.7693315301622663,
    1.260390281677246,
    0.9720139491264937,
    0.5875893831253052,
    0.8754430847209796,
    1.9277846813201904,
    0.9443667646039996,
    0.48937785625457764,
    0.8624330516904593,
    0.5937627553939819,
    1.001162444872241,
    1.0640848875045776,
    1.0045526535915477,
    0.871521532535553,
    0.9822644880589317,
    0.7728308730182194,
    0.855073435489948,
    0.9070172445542777,
    1.470151424407959,
    0.9577980204062029,
    0.9592106379568577,
    0.25265103578567505,
    0.8881590533054481,
    0.21256566047668457,
    0.8004919547068922,
    1.0539394617080688,
    0.899474655588468,
    1.29100501537323,
    0.83358127171876,
    0.9636805344086427,
    1.7420574426651,
    0.8620253741260497,
    0.9121278138227866,
    0.938946072057069,
    3.273303508758545,
    0.8238597929966255,
    1.0418124198913574
  ],
  "epsilon_history": [
    0.9987129999999991,
    0.9986931999999991,
    0.9973665999999981,
    0.9959607999999971,
    0.9959409999999971,
    0.9922383999999944,
    0.9922185999999944,
    0.9909711999999935,
    0.9909513999999935,
    0.9895059999999924,
    0.9894861999999924,
    0.9883971999999916,
    0.9870309999999907,
    0.9856449999999897,
    0.9856251999999897,
    0.9844173999999888,
    0.9843975999999888,
    0.983268999999988,
    0.9832491999999879,
    0.9821205999999871,
    0.9821007999999871,
    0.9808335999999862,
    0.9808137999999862,
    0.9795861999999853,
    0.9795663999999853,
    0.9784575999999845,
    0.9770319999999835,
    0.9756855999999825,
    0.9744381999999816,
    0.9731511999999807,
    0.9718245999999797,
    0.9718047999999797,
    0.9707157999999789,
    0.969369399999978,
    0.9693495999999779,
    0.9681813999999771,
    0.9681615999999771,
    0.966597399999976,
    0.966577599999976,
    0.9653895999999751,
    0.9653697999999751,
    0.9641619999999742,
    0.9626175999999731,
    0.9625977999999731,
    0.9613701999999722,
    0.9599643999999712,
    0.95832099999997,
    0.95830119999997,
    0.9570933999999691,
    0.9570735999999691
  ],
  "best_score": 62,
  "best_reward": 57.77999999999995,
  "config": {
    "num_episodes": 500,
    "max_steps_per_episode": 10000,
    "learning_rate": 0.001,
    "gamma": 0.99,
    "batch_size": 64,
    "memory_size": 50000,
    "target_update_freq": 500,
    "epsilon_start": 1.0,
    "epsilon_end": 0.01,
    "epsilon_decay_steps": 50000,
    "log_interval": 10,
    "save_interval": 50
  }
}